login_attempts_per_min,failed_login_ratio,ip_changes,device_changes,geo_distance_km,label
4,0.18343627063039433,0,0,7.129707204095437,0
1,0.16662951168078824,1,1,26.369981106133817,0
1,0.18507807551272265,0,1,3.811960898678224,0
3,0.27034740314729666,0,1,24.890625401714512,0
3,0.2712476083481245,1,0,33.8088781037717,0
100,0.885730654293999,3,2,5565.888293151474,1
1,0.23048202415935545,1,0,10.787033958822706,0
41,0.9355989310872043,6,4,8331.105472853058,1
1,0.10682901776935387,1,1,38.69398278650782,0
3,0.1872446723547402,1,0,22.415952768471108,0
112,0.8566937589194232,9,3,8749.90248544313,1
4,0.18318601273248977,1,0,0.3832016324612664,0
4,0.2418603839379184,0,1,43.6376919783064,0
4,0.02182890190925806,1,0,5.704789244396668,0
3,0.057206316199099966,0,1,6.959835067284775,0
107,0.7985035011529447,4,2,7604.466456914682,1
3,0.08513277173961734,0,0,25.872317587752065,0
2,0.10434276237065791,0,1,11.269063400338291,0
3,0.010059730420733813,0,0,28.85999433672754,0
3,0.04020456853519222,1,1,7.098599488049695,0
3,0.16945233997878492,0,1,24.444891589622568,0
3,0.016890982704551204,0,0,32.548673357547706,0
1,0.007320234466961405,1,1,25.02005728551006,0
4,0.11308332882747227,1,0,20.94738950937377,0
62,0.9310025279492885,3,2,4595.32519492125,1
2,0.031232574595372153,0,1,7.439798470255782,0
1,0.12563115746762193,1,1,3.6158237628969303,0
3,0.033359244691845404,0,1,42.49876857403309,0
4,0.001915761515050074,1,1,25.03017855773538,0
2,0.11287787565927472,1,0,27.176910867132303,0
1,0.294355853408227,0,1,13.7351907523946,0
3,0.0661458627210526,1,0,33.87711337294766,0
2,0.23265828500850316,0,1,49.69241944498491,0
2,0.22141008492791112,0,0,25.03121340352089,0
1,0.11676050362024892,1,0,22.486992122527,0
3,0.1225359639212096,1,0,11.411768174684955,0
4,0.186039779340461,0,1,48.22383269504058,0
2,0.2598191668501225,1,0,44.69948550039352,0
3,0.19476309063481906,1,1,25.625132438516584,0
43,0.7251629576854592,7,3,6604.487298074523,1
3,0.206365716690244,0,1,48.031348775659986,0
2,0.1044766401069901,0,0,16.25520077158495,0
4,0.13174047257106553,1,1,6.0512500242596525,0
4,0.04684577920985711,1,0,43.498457982384245,0
4,0.19906121160501317,0,0,27.0852406205002,0
4,0.07639219642912916,1,0,5.69191967383007,0
4,0.11767321352991969,1,0,31.70710691478684,0
4,0.18662601006836205,0,0,42.786862945289315,0
2,0.2408560345794034,1,1,8.001246823159702,0
2,0.03397141375222657,1,1,22.700081059805743,0
3,0.17203136643698583,0,1,6.962268555879758,0
107,0.8778381709013141,3,5,2637.897823623285,1
1,0.16557205163234565,0,0,35.60070101653904,0
3,0.009354940518385401,0,0,11.301449890799987,0
4,0.04988501062682382,0,0,3.8431037638081755,0
1,0.2350959038223429,0,0,3.482057408120287,0
1,0.2762525647852117,1,0,1.3768359934732743,0
2,0.25965213776819407,0,1,3.5466108066886717,0
4,0.20922608017405198,1,0,39.446623588800364,0
4,0.09670615349241689,0,1,4.354638339788575,0
4,0.26316016224393246,1,0,19.191944152248976,0
1,0.08164354116898881,1,0,27.625048370394456,0
4,0.10047168439712584,1,1,43.68492967331725,0
2,0.03445104742176106,1,0,0.27528995802104106,0
2,0.02736183091460711,0,1,46.84112310165459,0
78,0.6669285216004242,5,2,7271.387924059894,1
1,0.06900265118631091,0,1,0.21816348251545437,0
2,0.2088866327634419,0,1,33.31927067891032,0
2,0.08041909224686287,0,0,44.17323814930303,0
2,0.1675212749207415,1,0,24.234814356502348,0
1,0.026610760127116682,0,1,2.1012337585702645,0
4,0.13525181142123963,0,0,49.40179830777959,0
103,0.7057105052634557,7,4,1163.1062188389747,1
32,0.7750645312592814,8,2,4575.3568524884595,1
93,0.734244181707937,4,3,1099.8327828102174,1
1,0.054369919849698044,0,0,35.70163222334282,0
4,0.2283083707506084,0,0,22.277081937094543,0
82,0.9860061477817887,8,3,6570.805509691748,1
4,0.06659164857988482,1,0,39.71053312747027,0
2,0.11114163083741459,1,0,4.826723509772041,0
2,0.16082890990323612,0,1,26.651443362307,0
1,0.28116854617093534,1,1,12.098856515852269,0
1,0.25517451872827257,0,0,40.55618849667354,0
4,0.24387030273902327,1,0,8.111670289123968,0
113,0.6410063856265897,3,5,6054.346856575336,1
3,0.09573014197297669,0,0,24.690702022846434,0
4,0.1854654189948783,1,0,23.19662433441681,0
3,0.23314407477823101,0,0,22.915032076432823,0
3,0.2419683443584349,0,1,0.006734650224266003,0
1,0.09351662033866447,0,1,21.10171300638195,0
1,0.033611670650415704,0,0,37.17969580882799,0
1,0.11293901006341488,0,1,22.016170918417448,0
4,0.15963404557959468,1,0,42.61319371955907,0
1,0.05216857476584619,0,1,40.35777686824413,0
4,0.03619076133018024,0,0,36.99520603834652,0
1,0.054578439148581334,1,1,1.972976644544966,0
117,0.7495684188051255,5,5,5998.98159633813,1
36,0.8335091122056446,8,3,6090.796884010394,1
4,0.032151603401932814,1,1,33.39023416132033,0
4,0.08571362588455822,1,1,10.06818910679872,0
4,0.06190011552173775,1,1,14.001866477524471,0
1,0.2762617201595439,1,0,15.237554769306666,0
64,0.6939893619983811,5,2,2410.1189444744787,1
1,0.06192638152818096,1,0,4.430235698483953,0
2,0.21926024256109328,1,0,20.551053763277288,0
1,0.2989910511221716,1,1,27.987784181919128,0
2,0.1840234167632123,1,1,6.2184199500255115,0
1,0.17852337921007644,1,0,48.94905575874044,0
46,0.6206674886631844,8,5,1396.1105497649146,1
1,0.029832417827803548,0,1,29.436576106565994,0
1,0.27519407263867285,0,0,13.570469022335718,0
4,0.2700055925544315,1,1,20.37715155162154,0
1,0.29698806971698355,1,1,19.850752061859584,0
4,0.2359035043246656,0,1,13.379633836398575,0
1,0.06988784242609013,1,1,47.83999077421431,0
4,0.16003832759289646,1,0,3.322192217788744,0
2,0.1421884920788617,1,0,22.35277719032127,0
4,0.27960843165300525,1,1,39.65714369983697,0
2,0.10055917249377028,1,0,19.399337997343473,0
2,0.2635889959065474,1,1,39.06609278736525,0
1,0.10196248913041984,0,0,48.30237525643386,0
4,0.12567763485136438,0,1,19.47409474512102,0
4,0.045502463919825355,1,1,0.5853305365452033,0
1,0.1883701168472723,1,1,0.900327780022725,0
1,0.24285482241746342,0,0,22.899787950178574,0
2,0.22233619478701772,0,1,15.468635893139105,0
64,0.8286983932574995,7,4,4357.112116208051,1
2,0.18558341346455529,0,1,45.87429215659951,0
4,0.26054039276937385,0,0,34.6266215768554,0
60,0.9777794330777214,4,5,5910.1025996364115,1
2,0.02523204183449923,1,1,30.42636363482333,0
3,0.16828139146061588,1,0,41.29891063540409,0
118,0.7111411104358849,3,4,5194.402871059885,1
2,0.13380173188738673,1,0,6.691418149984657,0
2,0.10027316724508824,0,1,6.146033923269378,0
3,0.29545235968870037,0,0,34.413711789011856,0
73,0.6324596714144957,3,2,3860.1185225169725,1
2,0.17509683355526162,1,1,28.879668294057875,0
1,0.22127469047666745,1,1,14.76507387859164,0
4,0.18627465533024312,0,0,12.977089158804517,0
4,0.11318524893138679,1,0,11.975508495476905,0
4,0.1342237100470364,1,0,29.661078505369215,0
2,0.00863480289400169,0,0,17.39707057910833,0
45,0.8485169796198441,7,4,5360.539320003232,1
3,0.010183793575739652,0,0,15.667395879257157,0
113,0.6629092832718861,5,3,554.3265229274982,1
4,0.07968001277661181,1,1,42.353041349194974,0
3,0.10254520550936279,0,1,21.957490831687416,0
3,0.130837958740595,0,1,46.31913033650434,0
4,0.2796354847450837,0,1,7.722987361166189,0
103,0.9624348241925043,7,2,1262.1113413292837,1
1,0.04106568902064218,0,1,3.8824667335802534,0
3,0.01226058487994366,0,1,19.020027448520484,0
68,0.661931445039088,6,2,1132.0122780031247,1
4,0.2841745732151576,0,1,36.140715160424186,0
3,0.035257874033131464,1,1,3.113655294094281,0
4,0.046168771901956514,1,0,14.665430539028234,0
1,0.2511039985091016,1,0,33.70651477680315,0
3,0.18881959144057875,0,1,1.358371061277991,0
1,0.07116803752079834,0,1,22.169000718959385,0
1,0.12640710068312105,1,1,30.387606112636128,0
3,0.10256164981160583,0,0,42.182483202591186,0
40,0.6405491590212636,6,5,4709.063942139001,1
4,0.19377517239948036,0,0,15.847329389555965,0
2,0.29097431934438095,1,0,48.35633076295852,0
104,0.9788362668434076,8,4,7849.794366508825,1
4,0.07794107431924793,1,0,22.983243520133062,0
36,0.7329824628594848,6,5,6923.1912770887575,1
3,0.17586894960503915,0,0,8.34301008493764,0
3,0.17869162218235327,0,0,43.71112623425879,0
3,0.27797628754844833,0,1,32.144095502935386,0
3,0.21122393042976706,1,1,32.557379244083705,0
55,0.6036216646321484,4,2,7999.389508179063,1
1,0.2958632233438809,1,0,19.798523633122745,0
4,0.0032987485975441433,1,0,24.381390483360544,0
1,0.14876272052363124,0,0,23.69049141989733,0
32,0.8857696656284968,8,3,7584.657101223197,1
4,0.1573534168710764,0,1,32.611212977273624,0
119,0.926851256806234,3,5,7494.174384021226,1
1,0.210290739437736,1,1,17.475318604340938,0
2,0.16561415425559406,0,0,31.329625554660513,0
3,0.06280479700101309,0,0,27.034923832245518,0
2,0.26662442396069314,1,0,44.928030233741964,0
2,0.08169219795581069,0,1,41.70722985003379,0
1,0.04822796881449246,0,1,6.713742545113776,0
1,0.181852390335264,0,1,27.03968774927722,0
4,0.2618837507629225,1,1,37.43226170631,0
4,0.05169596136048895,0,0,43.228180476133495,0
4,0.1586811402081636,0,0,18.43535854323976,0
3,0.217715852516508,1,1,49.1760736357611,0
113,0.7477123080862165,8,5,4782.374696920457,1
26,0.6754162422997004,8,5,7066.512189172134,1
4,0.14832609141077444,0,0,2.6128939643011884,0
2,0.284535992088647,0,1,23.842173415890855,0
86,0.8494595113161064,3,4,4809.000499266925,1
3,0.28172030955386884,1,0,18.49066279935883,0
105,0.8915924246623266,8,5,5522.881981435139,1
1,0.2819496370840425,0,0,45.66434737881184,0
1,0.19234428986558919,0,0,39.919017025917626,0
4,0.18955116365093977,1,0,26.621034113760857,0
4,0.1052745037656236,0,0,12.82650312221239,0
2,0.18602182677855406,0,0,45.12266536429209,0
4,0.16615628532039622,1,1,22.561967209049406,0
4,0.0034060934302257207,0,1,23.11477805003036,0
3,0.062365876543808194,1,0,41.37594610531515,0
1,0.23982476369069378,1,1,41.12673971920984,0
1,0.2629960807975035,0,0,5.031873926176667,0
2,0.2849883551850676,0,0,25.793095135616404,0
4,0.04909678285971135,0,1,2.5567690721050362,0
3,0.11516736641196341,0,0,33.93349783362824,0
1,0.14763488792386145,1,1,34.70752867549155,0
2,0.17295494265427605,0,1,38.44613910538205,0
2,0.03739880436098005,0,0,24.27948498296989,0
2,0.07867921328994752,0,1,32.0238021087922,0
1,0.21187266814694886,0,1,11.265846497561755,0
3,0.225712358831304,1,1,33.189484308779456,0
2,0.2848561870972926,1,0,41.852056262147,0
4,0.20880618541613766,0,0,0.8776181683314455,0
1,0.18475895645469137,0,1,18.002523295048917,0
3,0.14622935947485408,1,0,6.721756470406093,0
4,0.28321780190598395,0,1,12.341193460095113,0
1,0.18831241592142536,0,0,30.62867341724096,0
1,0.28341960668742305,1,1,16.867277338454635,0
3,0.1312424766071187,1,1,6.313237078225137,0
4,0.2838346386400898,0,1,27.151229197883158,0
2,0.11246117385711121,0,1,39.31390996920165,0
29,0.7596141270569738,8,3,2405.253289530032,1
58,0.8788837527638547,9,5,5718.755126576198,1
4,0.1860928654060394,1,0,37.44131684816532,0
78,0.6273412801239834,5,2,4322.182074754661,1
4,0.15692935325104465,0,1,38.60062381549952,0
3,0.025451314225557575,0,1,42.53080289205689,0
48,0.8837283313890438,8,3,4442.2265463007425,1
1,0.003928336976500091,0,1,27.68557426790056,0
2,0.2015678230796185,0,1,43.85452905090945,0
101,0.6207343196478916,6,3,662.922928194382,1
4,0.26163717268324543,1,0,17.29387303689287,0
59,0.60604427368579,5,4,9147.023831243689,1
1,0.26816777491528726,1,1,26.69837362738819,0
2,0.01901249114183032,1,0,46.587685971640816,0
47,0.8804679446361039,5,4,4884.467812091764,1
1,0.10390379830978837,1,1,5.8069480100262805,0
3,0.2382075567810888,0,1,6.027920820184512,0
1,0.08889243613679702,0,1,32.24163020111569,0
1,0.15977682976547575,0,0,40.12928397899064,0
4,0.06877541856979244,0,1,15.315674938910634,0
53,0.9786934915693583,7,5,6143.786415412268,1
37,0.8499496398427996,8,2,8567.20055226619,1
3,0.17288650805004394,1,0,20.4814447447616,0
1,0.026823300693677853,0,1,41.77401128710972,0
115,0.8055417856827071,3,4,1769.680523399921,1
3,0.21743003145862844,1,1,38.05188951253915,0
2,0.11970081116103908,0,1,1.9498006287455794,0
1,0.26155305832356956,1,0,35.386067513376375,0
1,0.05417260353820006,0,0,18.011695940021394,0
4,0.18826742402521904,1,1,45.461010293078004,0
1,0.2767498143531887,0,0,31.84511587273716,0
1,0.06154189214460215,1,1,29.0233800496848,0
1,0.10638664729223296,1,1,36.92987290661654,0
3,0.2940097725856431,0,1,10.632218818554806,0
4,0.11918618716811018,1,0,21.496553869507405,0
103,0.9683978084386303,6,4,7608.211897653011,1
2,0.15081611702774375,0,1,17.73856459179921,0
4,0.24523306852153226,1,0,42.69809834777111,0
4,0.27432358377748794,1,0,47.38440129822354,0
112,0.9446763615149381,7,3,8346.218219502289,1
3,0.17123349140067357,1,1,21.729798042935588,0
1,0.007959661162145915,1,1,38.22638973273588,0
1,0.05768670564260123,0,1,27.332411009389425,0
86,0.9881028438904228,9,4,7945.837695663868,1
1,0.23084787995758105,0,1,24.102052905604125,0
4,0.14951033182184392,0,1,48.05677427037965,0
3,0.2624105018052598,1,1,10.444136200258185,0
1,0.18201451391485676,1,1,15.56087475316968,0
4,0.26579332447085613,1,1,2.4093006196648115,0
2,0.02254133452074263,0,1,22.467487101982105,0
4,0.14396268609117266,0,1,10.599702734932903,0
1,0.08428895687766909,1,1,32.8390052362147,0
1,0.08611143995247383,1,1,33.98101663675539,0
1,0.25861279529679404,0,1,4.464476226278647,0
1,0.13453365659349592,1,1,20.554780130035326,0
4,0.1202289182625978,1,0,31.033023991229204,0
4,0.2553620742146306,1,1,49.56639507821103,0
3,0.08060320781548382,1,1,10.535248193360157,0
4,0.1976771825730454,1,1,39.52548971374425,0
4,0.1788809635446159,1,1,35.19285458171656,0
4,0.2776705538720329,0,1,10.894627712749505,0
79,0.6270010186735288,9,2,5288.035754165097,1
103,0.6033279768908768,4,5,7871.159561669407,1
3,0.16789209939246535,0,1,10.065605391121663,0
3,0.03841375168733173,1,0,39.42236716266493,0
1,0.23127366112374656,1,0,44.432954013269935,0
2,0.2683656680682274,0,1,14.96977941858406,0
87,0.7736083890835035,9,2,6858.431787037852,1
1,0.2605797384568381,0,0,12.931041744401938,0
3,0.23069622455415315,1,0,35.967681118457925,0
2,0.13910952148199465,0,1,14.356897904228777,0
3,0.13880393570088193,1,1,37.558902390420904,0
110,0.9485656136763417,4,4,3388.2875882559965,1
3,0.08617169749622451,1,1,15.7813671881675,0
4,0.02213896942061966,1,0,11.939810569076965,0
4,0.05611312456725701,1,1,9.804885636919646,0
4,0.14434203055644523,1,1,16.94303246693758,0
4,0.2850712061462407,1,0,14.213704646375835,0
53,0.8406215517199296,8,3,8752.076578322543,1
1,0.15831033272588996,1,1,43.97909274757646,0
4,0.14060794793849107,1,1,33.395999940181355,0
2,0.10670181493948473,0,0,14.764524702397164,0
3,0.0822165662061618,0,0,32.92702578350274,0
1,0.06714528444678693,1,0,17.404779658414405,0
3,0.2716145929257791,0,1,3.268307878219262,0
4,0.09028907008404487,1,0,47.571490518091615,0
4,0.2725351684000885,1,0,29.109937329705694,0
2,0.06448211357722702,0,1,23.82184931718958,0
24,0.773106751839705,3,4,6564.061278022353,1
46,0.7069608111430166,9,5,7014.155157869617,1
2,0.21400487576536573,0,0,37.15965993658017,0
4,0.16306585833419657,0,1,18.09599954189325,0
70,0.9003759193453273,4,5,4958.209659595009,1
2,0.06950151041503301,1,1,20.214487362743455,0
1,0.28950807319995375,0,0,19.72880377988232,0
3,0.10262452461477224,0,1,17.158367658632912,0
2,0.03033680283683707,0,1,48.60026648157685,0
2,0.20924143850078508,1,1,12.995248962141643,0
4,0.24383987017725076,1,1,43.00698466747175,0
1,0.06738144688199459,1,1,30.147143823973078,0
4,0.17706920006072613,1,0,26.008494615537558,0
3,0.005433055146252153,1,0,44.504851759190416,0
112,0.793215879023556,3,2,7604.046322714038,1
3,0.2742896419681497,0,0,7.142514365041929,0
3,0.037289167045663416,0,1,21.09140892694157,0
2,0.2525486330274816,1,0,47.75302557424945,0
4,0.13566538226694214,0,1,44.42018361543406,0
3,0.20147195867783987,0,0,17.88991326627209,0
1,0.011102290414647786,0,1,31.635593937430045,0
3,0.27731885861295913,1,1,21.690870978826478,0
2,0.1324591504120131,0,0,36.54104824903649,0
2,0.10517626764197908,1,1,23.564358369908227,0
4,0.0457617128742784,1,1,3.5855944423825505,0
2,0.23747371311775456,0,1,48.16972171067752,0
3,0.007615906698103458,1,0,26.66933143826813,0
1,0.12311904809689844,0,0,47.526552629310174,0
4,0.17788198045251094,1,0,0.0676812857734077,0
4,0.20389418480792096,0,0,2.9045976040174892,0
2,0.27881279673827575,1,1,7.001204877665884,0
4,0.07792613512809786,1,1,24.20385348551008,0
3,0.2526356769407126,1,1,20.888048963754986,0
61,0.8908227046461561,5,3,9841.40373977544,1
2,0.003646342406944902,1,0,37.83757528443175,0
3,0.07360473290439629,1,0,2.511300573198688,0
2,0.042033952729935764,1,1,36.135347884911425,0
3,0.20944851420592353,1,1,45.75450342035216,0
28,0.818572126431139,7,3,4645.986187931134,1
4,0.27445377032043,1,0,19.275595236846115,0
54,0.7239151436836397,8,5,4925.344655619685,1
2,0.24316599923454985,1,1,30.764901253490102,0
3,0.14864739486185954,1,1,31.239193139470125,0
2,0.16625340075473802,0,1,38.30579663977931,0
3,0.23015648667933805,0,1,41.10899434082116,0
2,0.2670791351672749,0,1,19.021000375378115,0
2,0.17234193395397357,0,0,41.189519211064734,0
2,0.2065207189283208,1,0,3.5887903113256514,0
3,0.12763093158492503,0,0,14.034160775798716,0
4,0.17605233540626372,1,1,33.46001314690392,0
4,0.22908173824792824,1,1,34.38610212152803,0
4,0.08796323150941936,1,0,17.367166312942135,0
2,0.1122812387268361,1,1,26.169545568718323,0
1,0.223631842255299,0,1,41.46433996583777,0
2,0.2828195322405377,1,1,26.546883920604692,0
3,0.28501859011524144,0,1,3.132660172767726,0
4,0.17772233539785529,0,0,3.7802520308375387,0
2,0.055931478643276356,0,0,15.59319289584416,0
4,0.10829216908200803,1,0,7.143798066970586,0
1,0.18173244580706613,1,1,44.6261644977423,0
1,0.10521354463551304,0,0,20.82522159519395,0
3,0.2907907606857297,1,1,49.249482807043755,0
4,0.1152979941479045,1,0,18.389299387807647,0
23,0.7386096671810873,3,5,6620.43887468271,1
4,0.25941671287651596,0,1,21.37448439603076,0
3,0.12057927408277264,1,0,42.51740005599477,0
4,0.19955916620886002,1,1,30.189772647469386,0
42,0.7590449514211483,3,2,9755.352714375183,1
3,0.24740428977754475,1,0,18.284037413068567,0
3,0.05150378575449105,0,1,36.893475928076505,0
2,0.04032440308169227,0,0,14.674441160406083,0
3,0.297350587841093,1,0,24.64322922237233,0
4,0.09458710134918309,0,1,35.127025076740345,0
2,0.2959545746378939,1,0,30.09617155075658,0
4,0.201510205321757,1,1,15.71750565918742,0
3,0.2698723719823705,1,0,33.428632336145704,0
1,0.2953206542110656,0,0,14.730969817309658,0
1,0.006380823255116142,1,0,22.8849802579647,0
4,0.0634344020989634,0,0,29.140341754174482,0
2,0.00602135933331791,0,0,39.728913935009516,0
78,0.7846864575252477,6,2,6549.236311921108,1
1,0.04927973937929788,0,1,12.880361016686093,0
4,0.27190631552842076,0,0,47.284907350014116,0
3,0.17437146642678367,1,0,1.836068125041057,0
4,0.17823921460564054,0,1,40.180176772076756,0
1,0.24437241606941462,1,1,2.9762350173885843,0
2,0.10892468891959052,1,0,21.521370516049508,0
1,0.1750106295291479,1,1,22.961993879847903,0
3,0.008774184910367744,0,1,3.1101613082351376,0
1,0.2457306953022599,1,0,35.69763162532949,0
3,0.04600542093482406,1,0,18.727644351006067,0
3,0.12642736517774938,1,0,10.02372577642014,0
1,0.15770705469080573,0,0,0.7157638833529989,0
4,0.20840894125632803,1,1,40.197925377626014,0
3,0.17529429357693008,0,0,26.935089897635713,0
41,0.8426926898869745,3,5,8352.874282273642,1
2,0.29231844229984993,0,1,39.895707980794704,0
46,0.605498221604538,9,2,2077.2073246071777,1
104,0.9908027817755773,8,3,6380.419864636588,1
34,0.9805692883382264,8,4,1075.746623291643,1
4,0.0079100923491756,1,0,7.6052141611136435,0
1,0.03532532486704234,0,0,37.671396112848456,0
3,0.1569196274307358,1,1,34.32949567463034,0
4,0.16121868088137686,1,1,14.462238598632727,0
90,0.9882706181638976,8,3,3943.0975648503763,1
1,0.18232103846365774,0,1,0.4961910563917815,0
27,0.7186239648823722,5,2,7381.271860130627,1
3,0.12355227424418055,1,1,35.11293830158321,0
72,0.6048627085909547,3,4,3465.865498067235,1
2,0.26734293410942134,1,0,43.89150390760204,0
1,0.18776741293110272,0,1,32.2074610737958,0
1,0.2399748256119568,1,1,23.133780253269677,0
1,0.20373069574334687,0,0,41.568675719285494,0
2,0.16249026439826006,1,1,47.87240095190481,0
84,0.8741775532887606,6,5,7463.534386469357,1
4,0.24512162128478396,0,1,12.719579042092349,0
2,0.2963004023989941,1,0,0.1909961329291554,0
3,0.26207358723203317,1,0,36.33354960351616,0
3,0.038274090838669124,0,1,28.58861760241611,0
4,0.25393568752035545,0,1,42.28021814949534,0
4,0.2958003191468613,0,1,3.383418095000079,0
4,0.06707875155583579,0,1,8.235317671614794,0
4,0.2587091126240235,0,1,11.358977851175744,0
4,0.0883397278625753,0,1,0.9558047214882015,0
3,0.24474993749718532,0,1,38.657093695933575,0
1,0.005913161326309246,0,0,47.202104691269895,0
62,0.8248291177610284,6,2,7973.729236719437,1
4,0.060488196014323356,0,1,31.82006850917035,0
3,0.23922780648207842,1,0,28.914919971018033,0
2,0.014089790032516513,0,1,14.978283897693695,0
4,0.29631671692080946,0,1,44.51075013180872,0
87,0.6302334455416267,3,5,9513.071753922255,1
2,0.1854764314590888,1,0,0.6202018138657395,0
66,0.6717458728048842,6,3,8411.903067756219,1
3,0.2952250407597885,1,1,44.00783689607425,0
97,0.918672558876549,3,4,9631.01444924657,1
4,0.27885874327434773,0,0,6.574455994899081,0
76,0.642362321761503,8,2,7175.081955653174,1
1,0.15157571173435713,0,1,45.312729026051834,0
2,0.026076086426227107,1,1,4.69286424116781,0
4,0.07378731851535243,1,0,29.584858115316276,0
2,0.21966746592286834,1,1,15.879339763055834,0
86,0.9464382534446766,9,3,1401.630192039789,1
4,0.23169551752069178,0,0,41.41246262186092,0
1,0.05456402531974345,0,1,33.5366155952917,0
59,0.7614404009446365,3,2,1545.6011999105947,1
1,0.0971037709212731,1,0,30.53900355378841,0
2,0.26941628683221414,1,0,17.363851951525376,0
3,0.02452770958466157,1,1,48.1405178537013,0
56,0.6368267944329902,4,3,737.1791101405431,1
1,0.1386017410932398,1,0,35.27929313219123,0
2,0.08658916597207673,1,1,10.953440455092888,0
45,0.7728075710378024,9,5,4881.085561912145,1
2,0.22498814111975332,0,0,48.32086929332037,0
1,0.21479166865421925,1,1,6.532617191173146,0
1,0.041806822221847235,1,1,33.84106494286978,0
30,0.6795968555837747,7,4,6376.007057822763,1
4,0.21217159029401958,1,0,17.030208329064582,0
4,0.25863828517963516,1,1,39.01880617854902,0
1,0.1697195891987373,0,1,7.040147444633805,0
1,0.05261138358703488,1,0,40.41176050046111,0
4,0.019948880210033246,1,1,30.395260704535186,0
4,0.27832568495856386,1,0,0.8473832444790497,0
2,0.2160109609638223,0,1,22.32097582007911,0
78,0.929193522016707,5,3,9033.261607555734,1
2,0.16184738771260115,0,1,14.902610431972157,0
4,0.21250889301451042,0,0,19.408285306349775,0
3,0.23982311967271278,1,0,40.24533884207193,0
4,0.08357710170958758,0,1,5.536029666315784,0
105,0.8993537398704925,4,2,4636.239638669488,1
90,0.807480397752238,7,2,9517.406585218469,1
119,0.6250105182971383,6,2,6490.518945039377,1
2,0.29938023316000123,0,1,38.37838142589591,0
2,0.04758153158792211,1,0,23.49941340789683,0
2,0.0053621804200241424,0,1,9.960763744702655,0
3,0.18094563283991646,0,1,35.354323863334905,0
81,0.872044754178789,4,4,5264.969149220509,1
110,0.6100773655836917,9,2,8940.409044267746,1
3,0.27757449522469974,1,1,5.094619403300676,0
3,0.16992139208906915,0,0,40.17413716484423,0
2,0.0832143548943398,1,0,10.188322956384454,0
3,0.24793723983232246,0,0,12.477309992475305,0
112,0.9331321507153084,7,3,630.1362288846882,1
3,0.19753555039752765,0,0,7.348135479410484,0
2,0.08920470221176523,1,1,44.593607240536734,0
3,0.1896792863758591,0,0,7.707252158924355,0
4,0.14682748909294213,0,1,3.134481081093293,0
3,0.18727139877419763,1,1,0.5065592013871689,0
76,0.708322531214789,9,4,1977.9286502583718,1
3,0.156049050333598,1,1,16.760402368543637,0
3,0.11896283469638104,0,1,8.74407185879797,0
2,0.16281733300427884,1,0,42.87811688306419,0
3,0.23995657678419455,0,1,17.935776270850674,0
65,0.9874149326799568,5,3,902.2516483376464,1
3,0.2810489217974274,1,1,45.30555010662486,0
2,0.10004975150734326,0,1,37.81068069750884,0
3,0.0553563058069132,0,0,35.184298873039786,0
2,0.03824659869959472,1,1,34.62464133346126,0
4,0.17038356916578884,0,1,13.519664319226276,0
1,0.07573108330320623,0,1,14.995955575349235,0
4,0.14162008353299976,0,1,31.31171607105319,0
4,0.14147285656504752,1,0,24.677329017005935,0
1,0.25149861141334134,0,0,49.20551595182489,0
2,0.09285828488589833,0,0,7.8977411417674,0
1,0.1118065551036942,0,0,12.33018174890123,0
4,0.17491246829090765,1,1,47.80235718059666,0
73,0.9868141101024585,6,5,6834.333142947024,1
3,0.2906633565857074,0,1,31.117163230862303,0
1,0.22654117670208568,1,1,22.517548945270633,0
99,0.6169689192827567,9,4,6197.827492219731,1
1,0.2834297189647284,0,0,44.512902650890105,0
2,0.0692009435153276,0,1,48.17496204437941,0
3,0.10370018499715895,1,1,28.022031549021996,0
3,0.27464648927641255,1,0,42.13559510802774,0
3,0.20059296597732929,0,0,2.282437275119187,0
4,0.03197947594013154,0,1,25.154197538991816,0
4,0.02483960037753794,0,0,39.72577722453743,0
1,0.1895440581050005,0,0,40.34827454419968,0
75,0.767333545640912,9,2,6514.1902082453735,1
2,0.157317080798274,0,1,31.170297907972007,0
2,0.16953995507676267,1,0,1.2723879952875439,0
81,0.9509880186617927,9,2,5533.871980340999,1
4,0.2862153081776167,0,0,40.953175693082805,0
4,0.004363399700364578,0,1,42.072377654238,0
38,0.8627024253898228,7,4,2439.5823120983086,1
95,0.7737613276026439,5,5,3407.488903466486,1
2,0.02505021500960063,0,0,4.086267287338913,0
1,0.07454674194433972,0,1,14.752035382707811,0
20,0.8396178348601526,9,5,2128.624678750156,1
57,0.8893791271400004,6,5,5742.832796001264,1
4,0.20818453334013,0,0,41.12111868341392,0
3,0.24918582233631872,1,0,13.736576275975976,0
4,0.18978656794018442,0,1,49.05962645820579,0
2,0.135731854839808,1,0,41.33536798707437,0
1,0.11426725698930645,1,1,25.26033867883191,0
3,0.04104558927568842,0,1,24.834771140897328,0
67,0.7537420154096539,7,4,4444.789237173384,1
4,0.016428491646609398,0,0,1.5477895459671764,0
4,0.21668007955669774,1,1,14.28917777629351,0
4,0.2017555368231115,0,0,1.091169838774475,0
60,0.7632606763466793,7,5,9773.776262386795,1
2,0.02020518044063151,1,1,35.586140287302435,0
119,0.8035562222364223,7,2,4716.66229000236,1
1,0.13598665042440827,1,1,44.01573810744635,0
3,0.02609602797342304,1,0,3.284742947718289,0
1,0.23675137158220147,0,1,29.94892540886053,0
76,0.6061579566765234,8,2,6992.810885371335,1
3,0.10744881540985214,0,1,41.08184488552358,0
2,0.2990622755537842,1,0,9.731191835243596,0
2,0.20404223152809012,0,0,17.259610424710527,0
4,0.2504790710397897,0,1,41.423464972455854,0
40,0.9805962840707149,8,2,3373.5507770953022,1
2,0.16485866469712065,0,1,13.007889548102558,0
4,0.018323387956459124,1,1,41.46973324294235,0
2,0.22581499186729237,0,1,14.52522528357102,0
4,0.2632382587891141,1,1,48.70972219081786,0
3,0.022839257847090056,0,1,39.25947715742042,0
1,0.035645374880421576,1,0,27.271593470345273,0
3,0.03592863954577536,0,1,42.78480469187697,0
3,0.2609689086186385,1,1,25.272755895522497,0
3,0.16237997360283307,0,1,10.459273270396391,0
4,0.07782703002938775,1,0,42.34844271035303,0
1,0.2984723467939306,1,0,38.5079105878548,0
2,0.1902017109298834,0,1,27.328857101614744,0
3,0.08077296928481428,1,0,3.9484581095414306,0
3,0.00674079249603522,1,1,13.937993620727651,0
3,0.17096690546139495,1,1,2.1869536154473677,0
2,0.012627956890908565,0,0,35.66034416413088,0
1,0.2212503744329245,0,1,15.698335868867641,0
3,0.06149528862474629,0,0,24.616274000059096,0
1,0.17697530605638992,1,1,48.95524690075773,0
2,0.1900434659478442,1,0,0.443164255673445,0
1,0.003251295444089508,0,0,38.83552784775906,0
4,0.10928095831442264,0,1,42.91708383995604,0
1,0.23688544283836616,0,1,28.008409173092097,0
2,0.15102518125645706,1,1,14.610911523094888,0
2,0.10764914523705074,1,1,5.724381903295256,0
4,0.1272392013907158,0,1,33.856031986750466,0
1,0.27595668492382813,1,1,45.00415915082404,0
66,0.9658194655394235,4,4,4261.635093102246,1
88,0.8529128614550558,7,5,4029.116464764625,1
1,0.054479315040427696,1,0,15.943340916056941,0
88,0.8453166739549516,4,4,2097.1222197933107,1
1,0.03617006573318364,0,1,8.347654437359935,0
2,0.11935667971372249,1,0,25.313302974760138,0
47,0.84145488022375,9,3,6007.398492423635,1
4,0.11887260567079762,1,0,6.0103614560288126,0
3,0.11678868421259296,1,1,3.645091768395176,0
3,0.19542611650555927,0,0,42.296071983886605,0
3,0.2614610418457129,1,1,29.678046768939296,0
1,0.20042554097119383,0,1,25.56377311003756,0
2,0.010964900354428464,1,0,22.202187460110146,0
62,0.9808887142790379,3,3,2261.041401283859,1
4,0.10871816973498993,0,0,17.019355212725284,0
4,0.04459881832593388,1,1,22.022067515621202,0
4,0.16257028421350744,1,1,2.7166017411451913,0
4,0.24676117287695068,1,0,45.30716273828832,0
4,0.035120104928281756,0,1,32.70873007370373,0
2,0.22305247688748234,0,0,22.383671270520917,0
3,0.15065850309937276,0,0,2.882379109951244,0
2,0.12282349565737212,1,1,25.52162445021161,0
2,0.19910134960879444,1,1,20.255134726378323,0
2,0.218456626861081,1,1,29.29323942267596,0
2,0.20026732155630814,0,1,23.017913560096314,0
117,0.9122526869702229,4,2,4169.013931761791,1
1,0.053410790060925424,0,0,38.0950906302435,0
4,0.14778753128725775,0,1,33.451116866455415,0
2,0.2621670232687546,1,0,20.35532445628138,0
4,0.22806835796690594,1,1,25.370596935890443,0
114,0.8350343484437608,9,2,7061.457825906063,1
42,0.9531975299319092,7,5,6354.987676212515,1
2,0.023085960488762745,1,0,35.65230253171593,0
1,0.21977162916307508,0,1,16.0747850623941,0
3,0.053103145283024046,1,1,21.12742141559723,0
88,0.6810530536541373,3,3,2839.71717870005,1
1,0.29204669075321904,1,1,3.6540781013507493,0
90,0.8210828302874181,6,5,9079.390414827114,1
1,0.07420443052295929,1,1,36.574824517018115,0
3,0.09662374967495348,1,0,1.7335133363241662,0
4,0.19951100236387664,0,0,5.549904939565742,0
2,0.2601882602879407,0,0,31.797735358186426,0
89,0.7801016984571562,8,2,8903.541282751285,1
4,0.1366970258357139,0,0,38.78059254626638,0
2,0.12533003465020012,1,1,33.89066001550221,0
3,0.10098128345817617,1,0,25.63338629782082,0
1,0.013722610143753854,1,1,21.849794283281042,0
32,0.8550752987583742,6,5,5012.034170005609,1
1,0.2832799467340302,0,0,18.865902698159644,0
2,0.2889667618321834,1,1,16.51075324357488,0
4,0.017267628004993284,0,1,20.93966595370807,0
58,0.7835762066387282,5,5,2587.214508718304,1
76,0.9830324060335269,8,3,1689.5953154098986,1
118,0.7160182127849748,8,2,5926.04183691243,1
2,0.07272291972452406,1,1,25.828631422298955,0
53,0.8019182393218113,9,2,7606.044995528332,1
60,0.8357815957938789,3,4,4454.071559030819,1
1,0.25853568630405516,1,1,23.777301874341333,0
3,0.03902587203918959,1,1,9.505382489186381,0
1,0.04225710611393996,0,0,49.20065816052321,0
2,0.20340484576771906,0,1,9.7916542067135,0
1,0.2166757705179199,0,0,39.44925799603966,0
2,0.015427744045275103,0,0,30.17465480216893,0
1,0.05553987865158589,1,1,31.47788484458683,0
2,0.26715818422196846,0,1,26.072284452179474,0
4,0.016912648995278133,1,1,44.0963879152322,0
2,0.2630296910285248,0,0,27.93211982252127,0
2,0.14778542819786086,1,0,1.659467728121311,0
2,0.013633914102437361,1,1,5.273684997831529,0
38,0.992147496376874,8,2,9429.352023713313,1
4,0.174651138052882,1,0,49.0571865895911,0
4,0.03209419164808752,0,1,8.287488991007796,0
4,0.05291609595186699,0,1,14.420271890937286,0
4,0.03506941221250922,1,0,31.80480232047711,0
1,0.06388924845267321,1,1,31.046428373921557,0
4,0.2637354922686494,0,1,18.95470243359681,0
4,0.11494155847484923,0,0,47.75576036458507,0
4,0.17402586235134335,0,1,14.990026378261796,0
1,0.2651357654890277,0,1,6.277510738132669,0
4,0.040911442676030925,1,1,17.61874733048272,0
72,0.8804558377669894,7,5,6169.375989636052,1
4,0.27981854500620396,1,0,9.211241961901306,0
1,0.13222882408146844,0,0,28.46886805911414,0
2,0.05126627621701974,1,0,23.624667750325678,0
3,0.2690365229718035,0,0,5.5494734606740534,0
3,0.09601488030918352,0,0,13.59748630643155,0
3,0.25565445009556204,0,1,8.68807965678719,0
43,0.8594019280474752,6,5,4821.288206627248,1
2,0.027386003035840066,1,0,24.378559683669216,0
3,0.2365791633673592,0,1,7.106856189672883,0
4,0.07737084811348195,0,0,18.092654660256933,0
1,0.012947973585172834,0,1,10.244063707535627,0
3,0.2486746422452032,0,1,19.382440272782354,0
2,0.11390772245018006,0,0,44.654510259770746,0
3,0.14953265967871718,1,1,5.746649852978342,0
2,0.1489098741603709,0,0,17.890704205677444,0
84,0.9731699450278688,5,2,9605.729438843531,1
4,0.00551720296424002,1,0,37.02380659767596,0
1,0.2396349707320996,1,0,2.6177510093736203,0
104,0.8691486674392319,9,3,3973.1591595376844,1
1,0.24964025338732257,1,0,26.482986197280994,0
108,0.671702244763116,8,2,9689.004081500472,1
3,0.13044820158112386,0,0,34.13086106117012,0
41,0.6226342624586862,6,3,1815.137186629246,1
2,0.030752918397203774,1,1,42.68924608523335,0
1,0.2548942172032234,0,1,3.9703292321514763,0
1,0.2567089404318857,0,1,10.161154554304364,0
3,0.24637719140160386,0,1,36.4586743774724,0
4,0.08122340194306613,1,1,48.201442358275685,0
3,0.01971259182850571,0,0,20.088940032716213,0
80,0.700357218276441,3,4,9558.583429589333,1
4,0.07490040265775579,1,0,35.348824372785806,0
1,0.2071184485888096,1,0,45.53850808219576,0
4,0.052958409601652476,1,1,25.951614006477435,0
77,0.8856210893512506,8,4,9452.64281302163,1
1,0.16113196254556433,0,0,45.48134097182962,0
1,0.07204368563345792,1,1,46.91524092242413,0
1,0.13636231943033197,0,0,23.19656884061664,0
2,0.11915505888553644,0,1,19.327025341151394,0
3,0.10503757775001903,0,0,38.64607409380575,0
20,0.7227106398088565,9,4,3435.08190564745,1
2,0.22424128144012695,1,0,29.91787421488794,0
2,0.20541935176616377,1,1,39.66306752191272,0
1,0.08399372809808525,1,0,16.567350355152538,0
3,0.1428151206597299,0,1,46.461402681592695,0
4,0.02035111773155157,1,0,9.846285222671419,0
3,0.05597010721539173,0,0,11.871673418740315,0
85,0.6652141347726364,4,2,2563.6934213036025,1
1,0.1283319401207587,1,0,14.370479823278986,0
1,0.046308814582260695,1,1,5.401287706534569,0
109,0.8690811976835592,3,5,3521.9922455829847,1
23,0.8390673130810813,7,3,7535.364870965344,1
1,0.16525721118274178,1,1,15.14578644165963,0
2,0.17905285467506676,0,1,32.39087229952642,0
1,0.09824920565337439,0,1,49.77187580956549,0
3,0.0801084810508264,0,0,31.120682078299833,0
1,0.1522831136053365,1,1,10.349628921921338,0
4,0.2961828387944833,1,0,4.173204249469165,0
3,0.1792239306510925,1,1,3.300492207012079,0
2,0.2663112548274899,0,1,49.064854524862334,0
80,0.6407572403491747,5,4,9437.34634705026,1
3,0.034067277659888706,1,1,22.963259858660695,0
110,0.8696079676235171,4,4,649.5576734589313,1
1,0.10053565627774257,1,0,31.54608951145817,0
4,0.0331422339394184,0,1,32.58198802386383,0
4,0.24413850591208458,1,0,34.79495590844012,0
1,0.223813463779627,0,0,40.32018086164197,0
2,0.17861550519601313,1,0,17.122398941735668,0
3,0.013565601031856821,0,0,32.714627616248094,0
1,0.15609231027113799,1,1,24.710622362514993,0
61,0.8177015864454791,9,3,1226.5595772434742,1
73,0.7012406156718435,4,5,8100.697604730246,1
118,0.7189163161229335,7,4,7011.255762737054,1
4,0.15350323263469984,0,0,45.144749759599364,0
77,0.7411834013809426,5,4,1760.123487209055,1
1,0.0039005770532208103,1,1,49.03696717917147,0
97,0.6857625931972658,8,4,582.708397094164,1
1,0.24906595937009746,1,0,38.08990956888486,0
2,0.01182804341055177,0,0,37.04520280760357,0
4,0.09041336224924262,1,1,3.550383226662773,0
24,0.8951539939338424,4,3,9287.948165758638,1
4,0.08913651468695251,0,0,14.05022494543568,0
2,0.2803101044307044,0,1,18.229686409877,0
44,0.8954892602906266,8,3,9860.386406729212,1
20,0.88738157892902,7,3,8220.779388984089,1
27,0.9036021130087724,4,2,5800.310728931657,1
1,0.26780151332309243,0,0,5.46321051548107,0
1,0.15565141713782163,1,0,48.200870355885115,0
57,0.8689841992100116,3,2,6228.875773006192,1
74,0.9144822609044232,6,3,4907.906248912038,1
3,0.1252742327354785,1,0,0.7346694327476921,0
2,0.21167255175470653,1,0,15.813507486465339,0
3,0.13516324059302806,1,1,9.370597204879111,0
103,0.6526860114316374,3,2,8112.805922801182,1
3,0.2959918735503526,1,1,28.061139414126245,0
4,0.2685620513061598,0,1,2.4071417989176727,0
2,0.27327815534815275,0,1,42.85896284993765,0
4,0.28150213704631133,1,0,45.380550127827746,0
4,0.0482044119778667,1,1,35.13168865427582,0
35,0.893093389914466,7,3,694.9477399285895,1
2,0.07163314373049069,0,1,6.830045182558631,0
84,0.7150530916174713,4,2,7208.505770131013,1
60,0.7143033298370824,7,3,1158.6191386837652,1
91,0.8937775728302366,5,2,3008.0413246149255,1
1,0.03874782454544849,0,0,42.9088526578582,0
3,0.03053474178612112,1,1,30.3544789359377,0
29,0.7618109542295479,5,3,4440.743634194999,1
4,0.023320391089495452,1,1,31.72912087751519,0
1,0.14417597319799438,0,0,48.138417512660304,0
4,0.11119264412006727,1,1,5.7384435934608735,0
3,0.030937160650779783,0,0,13.085284186795299,0
2,0.22873760572220714,1,0,6.150164756187282,0
4,0.15380655330495258,1,0,23.204757972675193,0
4,0.26102966217027895,0,0,21.636456800985233,0
86,0.7586214727959852,9,2,9368.925292847656,1
1,0.17738263072347876,1,0,19.210335649290013,0
2,0.19489399469771054,1,0,29.756583745284075,0
1,0.10370879805117583,1,1,21.549261025664812,0
35,0.9220361273982651,5,3,2116.096464438174,1
4,0.08660812103120996,1,0,20.143664131631855,0
1,0.008128797751045047,0,0,6.241040698342415,0
2,0.2231838877718031,0,1,24.30002468988015,0
4,0.16109232686802408,1,0,18.586964745316514,0
3,0.0774733164896875,1,1,25.632737657252648,0
79,0.8331704227217053,6,5,4066.69054184517,1
4,0.06859284165103881,0,1,35.51213993116558,0
2,0.2533648195605211,0,0,34.350963325162134,0
4,0.04657207377921375,1,0,19.75688716321593,0
2,0.21571377155527363,0,1,11.619216152802391,0
2,0.2913174735496103,1,0,45.4971571927196,0
4,0.2621031342559016,1,1,23.614090208149086,0
3,0.1976350100132152,0,1,25.55645696186149,0
4,0.15419684674794323,1,1,34.31635983430487,0
63,0.9228283615466812,4,4,3145.3466905489436,1
3,0.24497983184147312,1,0,18.45265108804583,0
2,0.05643634791712839,1,0,26.166481559737065,0
49,0.6797081345867203,9,3,4665.338794880493,1
1,0.02431386477229438,1,0,2.8922224723580303,0
4,0.2689007455563359,0,0,43.27885728122761,0
39,0.7336199862675077,9,2,550.7885281164623,1
3,0.2851821440812668,1,1,45.321872667220546,0
3,0.16702886790417892,0,0,13.84071538956529,0
1,0.1770884827544423,1,1,3.122879680953572,0
3,0.286695449468926,0,0,39.1599206649313,0
94,0.9135039369936429,6,5,4210.6392720269305,1
4,0.27076587200387,1,0,12.348939953599992,0
4,0.2690296273879275,1,0,19.22556638224063,0
2,0.01735280296901891,0,1,26.064802382706947,0
3,0.19319986297170472,0,0,45.4727305468621,0
2,0.1210448598637191,1,0,11.993705637797236,0
3,0.08794431907830398,1,1,28.863951461656562,0
110,0.6307917868259865,8,5,4802.6551675423025,1
1,0.28889760115769836,0,1,2.4989514329839366,0
36,0.7001871595169996,8,3,8971.253219426086,1
4,0.18402455878073695,1,0,7.035576402437921,0
4,0.12262025132942891,1,1,36.107161772795294,0
3,0.10466047996289858,1,1,49.64084194995352,0
1,0.16199561391475664,1,0,21.640800110473464,0
39,0.946118303563565,9,2,6905.458999061741,1
2,0.14022045337496092,0,1,0.9663815458800518,0
1,0.29084112998261064,0,1,31.705201568816566,0
2,0.2849399739875772,1,0,13.845224368890447,0
106,0.6968088319923509,5,2,1024.6139470587705,1
3,0.23858019355796706,0,1,0.07825525957364521,0
1,0.1405981925982379,0,1,20.588277079225424,0
4,0.024070123698492662,1,1,24.38335343106322,0
4,0.06932243897642142,1,0,13.788378412567848,0
1,0.11773353222679062,0,0,22.8118254477771,0
3,0.027446051219326462,0,1,32.32293708189653,0
4,0.025652559256340423,1,0,20.379210428690847,0
4,0.2947135850725819,0,0,30.032553327417794,0
2,0.14226426499723913,0,1,48.20392082450541,0
2,0.01960690223968271,0,0,47.5386353865669,0
4,0.15567531158485126,0,0,26.12882996683726,0
72,0.894614091333917,9,4,9198.886206485673,1
3,0.12025542502909196,0,1,30.05370834001165,0
106,0.8930796202361122,6,3,9414.930566652369,1
4,0.07553971767208582,0,1,45.83176179206036,0
3,0.19582383235556242,1,0,24.17037179865733,0
4,0.027474621997990244,0,1,38.76730752015678,0
2,0.03866096024203356,0,1,0.3920795385958409,0
1,0.1965725941917065,0,1,19.90026464772514,0
3,0.24539010723571864,0,1,47.896706052838525,0
1,0.17148380684096995,0,1,48.576634545052535,0
2,0.12444585070129954,0,0,31.733563662697073,0
27,0.7074135024270429,8,4,8197.456573645548,1
2,0.24296233375639045,1,0,30.853325805890066,0
4,0.29073078904224336,0,0,48.80069116396068,0
61,0.7522070839479578,6,2,1930.776980573603,1
1,0.1294978638689038,0,0,43.94894501411336,0
4,0.27194163328936405,1,0,29.68303956042692,0
1,0.2248955495228774,0,1,49.058891838114725,0
28,0.6780962411825968,5,2,6719.736215884841,1
3,0.04412204427871138,0,1,13.963804422720521,0
2,0.2978894388357901,0,1,43.52892125230034,0
2,0.23387534207002597,1,0,38.699568907638124,0
4,0.15224032012825087,0,1,12.094664705644458,0
3,0.17501753842983614,1,0,18.558621171881377,0
1,0.06636283254588067,1,1,41.96692461780012,0
2,0.24892254111216047,0,0,30.680205711872922,0
1,0.13823363040981773,0,0,45.90382760995753,0
4,0.2686569685488601,0,1,37.969913120898184,0
1,0.19002025629501773,0,0,32.65813952656415,0
34,0.6821331754827199,7,3,5769.53324291082,1
95,0.7105276433863414,7,5,8679.930345281464,1
111,0.7034846568621764,6,4,8972.984480937344,1
2,0.0673321715509982,0,1,25.898026385628945,0
50,0.9730842032531045,4,5,7879.631655328935,1
4,0.2547586954695958,0,1,13.808477891044973,0
4,0.22093327068741683,0,0,30.288962472634516,0
117,0.8826519479514838,8,5,6052.748057542507,1
1,0.1485439581041923,1,0,27.224116640013147,0
3,0.26426122775967853,0,0,44.507056869800735,0
2,0.15978517993650695,0,0,44.615124906982615,0
4,0.09562575087962097,0,0,39.09119316724678,0
4,0.2516694259337802,0,0,7.027648378918039,0
2,0.020122943216528244,1,1,13.512384606539163,0
4,0.0660549605849434,0,1,47.88949004941019,0
3,0.12726660277409288,1,0,8.288727008163788,0
3,0.2244779071150975,0,0,5.6290195205968505,0
1,0.045125067331058456,0,1,44.12081842036694,0
2,0.0013896069013808576,0,1,1.1676048164092956,0
3,0.04164815179482304,1,1,13.01434287830015,0
70,0.6993505041479201,5,5,1587.0994268174063,1
69,0.6365565945327105,9,5,1210.8014493522437,1
2,0.07008232531497298,1,0,19.75654538057516,0
112,0.8440029668317943,3,4,8421.02353372886,1
1,0.10376491708588702,0,1,28.476988978355184,0
2,0.2909636480122917,1,0,25.96929297519687,0
1,0.180155058130096,1,0,17.441026698473966,0
1,0.29991530198583916,1,1,0.630375998787952,0
2,0.20445081666717876,1,0,17.261157140084606,0
3,0.20768296935535574,1,1,2.3425954263801563,0
3,0.08552855060815413,0,0,25.618188877289533,0
112,0.9200013927054725,6,5,8353.194545876084,1
3,0.03866391657319477,1,0,38.30323882676513,0
4,0.07392060997173204,0,1,12.096584015776479,0
1,0.28418500188354456,1,1,34.42025092460684,0
1,0.01100496086717937,1,1,14.86189038543086,0
106,0.9778945035132318,9,5,2692.5492123020517,1
87,0.8195434660309424,7,2,9207.731365602904,1
59,0.9359206426657707,3,2,2554.156586713907,1
4,0.07145483431401796,1,1,43.17737612572726,0
55,0.9914101873556562,7,2,7879.509592368658,1
4,0.14535689555730638,1,0,12.094691412941948,0
3,0.06966380854404519,0,0,47.08628558094625,0
2,0.022758998432599174,1,0,43.5602241131526,0
4,0.22747154271122738,1,0,13.279141647930304,0
85,0.7061304550221867,5,2,8684.38021865549,1
70,0.6370501932205469,8,5,3801.3172830392195,1
40,0.8818217712109782,4,4,6500.613393287471,1
4,0.09859936361097478,1,1,44.99166728436362,0
3,0.2260134555776825,0,0,35.39175486148844,0
1,0.13876041483994436,1,1,15.063263038000018,0
4,0.24774502516942878,1,0,7.365152213948517,0
3,0.041931712987886845,1,1,41.05991412751133,0
4,0.28832109524083654,0,1,41.68249809687928,0
3,0.011793641952329681,1,1,37.6980951798392,0
1,0.24655801778710684,0,0,7.562341436746728,0
4,0.1040859605688683,0,0,47.79594144776596,0
46,0.6045671933816295,4,2,6485.3788455598315,1
3,0.025604900423593157,1,1,12.966744865854723,0
3,0.05068051892164936,1,1,48.840016425532966,0
4,0.03885447638484125,1,0,1.1797482322764563,0
112,0.8814799118516203,4,4,8652.143745385483,1
4,0.20872460669538515,0,0,3.2602295630246028,0
3,0.21702603410657548,1,1,37.3722203298347,0
1,0.08306329444416112,0,1,14.076059920746498,0
2,0.18825163896551103,1,0,32.86767410850643,0
3,0.02440463419256993,0,0,12.5483330670149,0
4,0.15176660366533978,0,0,21.526466923110377,0
1,0.22845318951524166,1,1,28.266512728580494,0
29,0.8819484040173526,4,4,5384.909880088722,1
2,0.12756405134077003,1,0,40.22186038397525,0
2,0.06547616635951925,0,1,5.57561061606382,0
1,0.054430630526939194,0,1,28.676447572778663,0
111,0.9426148894991707,4,4,8305.655363136826,1
2,0.05201207858842644,0,1,5.211240140417384,0
22,0.7734331170530457,5,3,1715.4007828619401,1
4,0.20899524716306767,0,1,32.29111931432421,0
97,0.7690914547575729,9,5,1016.7121109619562,1
55,0.870410515221019,9,4,8875.348578840978,1
4,0.03318952108656217,0,0,32.614582429596986,0
2,0.07736630562996068,1,0,49.89104278409891,0
1,0.05011018382762256,1,0,20.682133745931765,0
4,0.2851234452229676,1,1,41.105158030011275,0
45,0.6453214018909856,4,2,8704.593502317852,1
91,0.93539673353721,3,3,9766.046132890999,1
1,0.23395361854534308,1,0,2.194997132150256,0
2,0.11067409187093172,1,1,23.438398273225292,0
3,0.09862548308625246,1,0,15.19732006203619,0
1,0.1377407268714784,1,0,15.265533834836564,0
2,0.04878508180346739,0,0,15.838083853376334,0
3,0.17417650508341304,0,1,27.07038036737926,0
105,0.7096286357368764,3,2,4899.589781456359,1
1,0.07295165729983623,0,1,18.766495395980094,0
2,0.20497762909787878,1,0,47.13621595470561,0
1,0.1780777360662146,1,0,3.182045464332117,0
3,0.2886517645423626,0,1,2.597828877713421,0
4,0.18543847213736875,1,1,23.558394946640732,0
3,0.22428281405287534,0,0,4.009000704095173,0
3,0.12438723711810712,1,1,15.116662467574688,0
56,0.7381367808979551,7,2,8325.790260091668,1
3,0.12547291088718565,0,0,10.100783420124499,0
43,0.7084385015056263,9,4,1246.299393775408,1
4,0.04178162179901618,1,1,36.19865277330469,0
60,0.7149846659589001,5,4,4431.36092054756,1
2,0.0727411510904189,1,0,9.266508976435722,0
1,0.08202212157921186,0,0,8.29774476478925,0
3,0.11945060807728299,1,1,22.926150444094535,0
2,0.04585774175529961,0,1,31.565377654599438,0
2,0.053563398616300086,0,1,49.049368908134255,0
3,0.19226242344096436,1,0,45.359751535291494,0
2,0.06297167792867572,0,1,27.885441312502195,0
2,0.0455708080536883,0,1,33.249245173799764,0
2,0.10600566840781585,1,1,39.64272095169197,0
1,0.015547061046728072,0,0,28.602432168465043,0
66,0.6990239081119546,8,4,2469.0933011428424,1
3,0.09579409127712446,0,0,1.6806800091641316,0
1,0.23918860973386608,1,0,33.64833111972162,0
1,0.042897504615850755,1,1,9.904881637987007,0
2,0.23721694945168906,1,0,5.2682461125428235,0
3,0.21245162659358446,1,1,49.74096469829755,0
1,0.11199279488392588,1,1,11.38748680516048,0
4,0.04497522820463213,1,0,13.769058712770926,0
87,0.8685916594668828,3,3,4101.712754568646,1
51,0.9450561884596715,5,5,7214.959629915141,1
